Y9,1263343 Alberta Inc. d/b/a Lynx Air
2PQ,21 Air LLC
Q5,40-Mile Air
CIQ,A/S Conair
AAE,AAA Airlines
ACI,AAA-Action Air Carrier Inc.
WSK,AAR Western Skyways
BZQ,"Abaco Air, Ltd."
4O,ABC Aerolineas SA de CV dba Interjet
AAB,Abelag Aviation AG
2AQ,ABS JETS A.S
M3,ABSA-Aerolinhas Brasileiras
ABX,ABX Air Inc
ACD,Academy Airlines
ZA,Accessair Holdings
VX (1),Aces Airlines
0CQ,ACM AIR CHARTER GmbH
CRV,Acropolis Aviation Ltd.
AON,Action Airlines
ADR,Adirondack Airlines
AAQ,Advance Air Charters
AN,"ADVANCED AIR, LLC"
ADV,Advantage Airlines
EI,Aer Lingus Plc
QTQ,Aer Turas Teoranta
TPQ,Aerial Transit Company
IN,Aerlinte Eireann Teoranta
AWQ,Aermediterranea S.P.A.
AFQ,Aero B Venezuela C.A.
JR,Aero California
AEO,Aero Coach
LOS,Aero Commuter
N6,Aero Continente
ML,Aero Costa Rica
AEF,Aero Freight
BAA,Aero International Airlines
AVQ,Aero Laguna S.A. De C.V.
PL,Aero Peru
BAQ,Aero Rentas De Coahuila S.A. De C.V.
ERQ,Aero Trades (Western) Ltd.
ATQ (1),Aero Tranportes Panamenos
CLQ,Aero Transcolombiana
XAA,Aero Union Corp
URQ,Aero Uruguay
ROQ,Aero Uruguay
AVI,Aero Virgin Islands Corp.
G3 (1),Aerochago S.A.
OD (1),Aerocondor
AYQ,Aerodan S.A. De C.V.
AJQ,Aerodynamics Inc. d/b/a SkyValue d/b/a SkyValue Airways
SX (1),Aeroejecutivo S.A.
EJQ,Aeroejecutivos C.A.
VB,"Aeroenlaces Nacionales, S.A. de C.V. d/b/a VivaAerobus"
SU,Aeroflot Russian Airlines
2K,Aerogal
AR,Aerolineas Argentinas
DOQ,Aerolineas Dominicanas S A
SZQ,Aerolineas El Salvador S A
LNQ,Aerolineas Latinas
MUQ,Aerolineas Mundo
RL (1),Aerolineas Nicaraguenses
UYQ,Aerolineas Uruguayas S.A.
5D,Aerolitoral
3S,AeroLogic GmbH
BQ,Aeromar C. Por A.
OV,Aeromaritime
RZZ,Aeromech Inc.
AM,Aeromexico
TRA,Aeromexico Travel
QO,Aeromexpress
7M,Aeromonterrey S.A.
AXQ,Aeron International Airlines Inc.
ACQ,Aeronautica De Cancun
ABO,Aeronaves Boringuena Inc.
XBQ,Aeronaves De Puerto Rico
ADQ,Aeronaves Del Peru
VH (1),Aeropostal Alas De Venezuel
PUQ,Aeropuma
BES,Aeroservices Executive
WEQ,Aero-Services-Corporate
EOQ,Aeroservicios Ecuatorianos
RED,Aerosun International Airlines Inc.
5L,Aerosur
ASQ,Aerosur
VV,Aerosvit Ukranian Airlines
XK,Aerotal
BDQ,Aerotaxis De Aguascalientes S.A. De C.V.
RTQ,Aerotour Dominicano Cxa
ATT,Aerotransit Inc.
RSQ,Aerotransportes Entre Rios
M7,Aerotransportes Mas De Crga
6R,Aerounion Aerotransporte de Carga Union SA de CV
ARQ (1),Aerovias Colombianas Arca
4C,Aerovias de Intergracian Regional
AV,Aerovias Nacl De Colombia
AOQ (1),Aerovias S.A.
VE,Aerovias Venezolanas-Avensa
ZL,Affretair
A7 (1),Air 21
RK,Air Afrique
AHA,Air Alpha
15Q,Air Alsie A/S
GM,Air America
STZ,Air America Inc.
SAX,Air Americana
FQ,Air Aruba
D7,Air Asia X Berhad dba Airasia X
EUQ,Air Atlanta Europe
CT,Air Atlanta Europe Limited
CC,Air Atlanta Icelandic
CC (1),Air Atlanta Inc.
ATN,Air Atlantic Airlines Inc.
LU,Air Atlantic Dominicana
ABH,Air Bahia
BEQ,Air Belgium
AB,Air Berlin PLC and CO
BX,Air Busan
BLQ,Air Bvi Limited
OC,Air California Inc.
AC,Air Canada
RV,Air Canada rouge LP
APE,Air Cape
AEQ,Air Caravane Inc.
AGA,Air Cargo America Inc.
ACO,Air Cargo Enterprises Inc.
ACG,Air Cargo Express Inc.
AIC,Air Caribbean
XC,Air Caribbean
ARB,Air Caribe International
ATX,Air Carolina
ASN,Air Casino
ACK,Air Central Inc.
ACT,Air Central Inc.
ACP,Air Chaparral Inc.
AQQ,Air Charter (Safa)
WAQ,Air Charter Systems (Acs)
1YQ,"Air Charter, Inc d/b/a Air Flamenco"
JCM,Air Chico
CA,Air China
HB (1),Air Club International
TAC,Air Colorado
A7,Air Comet S.A.
R3,Air Company Yakutia
SAS,Air Cortez International
WAC,Air East Airlines
AED,Air East Of Delaware Inc.
UX,Air Europa
AE,Air Europe Limited
PE,Air Europe S.P.A.
X4,Air Excursions LLC
AEX,Air Excursions LLC
AIE,Air Express Inc.
XAC,Air Express International Airlines
OF,Air Finland Ltd.
AFE,Air Florida Express
QH,Air Florida Inc.
GS,Air Foyle Limited
RRT,Air Freight Express
ZX,Air Georgian
WV,"Air Greco, Inc., d/b/a Wings Air"
HJ,Air Haiti S. A.
36Q,Air Hamburg Luftverkehrsgesellschaft mbH
AHC,Air Hawaii
UX (1),Air Illinois Inc.
AIN,Air Indiana
JM,Air Jamaica Limited
NQ,Air Japan Co
OWS,Air Kentucky Air Lines
AIK,Air Ketchum Idaho Inc.
ALS,Air L.A.
LRQ,Air Liberte
IW,Air Liberte Aka Aom Minerve
ALK,Air Link Airways
KM,Air Malta
UMQ,Air Manila Inc.
CW,Air Marshall Islands Inc.
2BQ,Air Medical Ltd.
AJ,Air Micronesia Inc.
ZV,Air Midwest Inc.
TRO,Air Molakai
AIM,Air Mont. Inc.
AHQ,Air National
XBZ,Air Natl Aircraft Sal & Ser
ON,Air Nauru
ANB,Air Nebraska Inc.
ZIA,Air New Mexico
AOR,Air New Orleans
NZ,Air New Zealand
NUQ,Air Niugini
4N,Air North
ANT,Air North/Nenana
CB,Air One Inc.
GX,Air Ontario Limited
ARO,Air Oregon
EKA,Air Pacific Inc.
FJ,Air Pacific Ltd.
FJ (1),Air Pacific Ltd.
OP (1),Air Panama Internacional
PER,Air Pennsylvania
2P,"Air Philippines Corp d/b/a Airphil Express, Philippines Airlines"
XAB,Air Polynesia d/b/a DHL Cargo
APY,Air Polynesia Inc.
FD,Air Puerto Rico Airlines
ARA,Air Resorts Airlines
RWG,Air Rovers Inc.
ARS,Air Sedona
HC,Air Senegal S.A
JU,Air Serbia
ASH,Air South
ASU,Air South
ASC,Air South Inc.
WV (1),Air South Inc.
ATH,Air Southeast
APS,Air Spirit Inc.
ZP,Air St. Thomas
AAT,Air Sunshine Inc.
TN,Air Tahiti Nui
XDE,Air Train Inc.
TS,Air Transat
8C,Air Transport International
VK,Air Tungaru Corporation
USA,Air U.S.
6U,Air Ukraine
AVA,Air Vectors Airways
AVR,Air Vermont Inc.
CAV,Air Virginia
AWA,Air West Airlines
ZW,Air Wisconsin Airlines Corp
ABI,Airbama Incorporated
ZX (1),Airbc Ltd.
RU,AirBridgeCargo Airlines Limited
BGQ,Airbus Transport Internat'l
3AA,"Airgate Aviation, Inc."
AIG,Airgo Inc.
IG,Airitaly S.P.A.
ALE,Air-Lift Associates Inc.
ARD,Airlift International
RD (1),Airlift International Inc.
ARM,Airmarc Airlines Inc.
AKQ,Airmark Airlines Inc.
MKQ,Airmark Corporation
XYZ,Airpac Inc.
RSV,Air-Serve
ARP,Airspur Helicopters Inc.
FL,AirTran Airways Corporation
AVG,Airvantage
AIT,Airways International
ANM,Airways Of New Mexico Inc.
ACS,Alamo Commuter Airlines
APQ,Alas De Transporte International
AAZ,Alaska Aeronautical Indust.
AS,Alaska Airlines Inc.
ACA,Alaska Central Airways Inc.
KO,Alaska Central Express
LSZ,Alaska Island Air Inc.
ALQ (1),Alberta Northern Airlines
17Q,Albinati Aeronautics SA
26Q,Albinati aviation Limited
ALU,Aleutian Air
RJ,Alia-(The) Royal Jordanian
CP,Alis Cargo Airlines S.P.A.
CEQ,All Canada Express
AIA,All Island Air
NH,All Nippon Airways Co.
ALL,All Seasons Air Pacific
EP,All Star Airlines Inc.
JXQ,Allarco Developments Ltd.
HRZ,Allegheny Airlines
G4,Allegiant Air
AIY,Alliance Air
ACN,Alliance Airlines
ALQ,Alliance Executive Jets Ltd.
ALD,Allied Airlines
XBR,Allstates Air Cargo Inc.
KH,Aloha Air Cargo
AQ,Aloha Airlines Inc.
APH,Alpha Air
AAV,Alpine Air
ASI,Alpine Air Services Inc.
1FQ,Alsek Air
AAR,Altair Airlines Inc.
ALT,Altus Airlines
XAE,Amerford Airways Inc.
HP,America West Airlines Inc. (Merged with US Airways 9/05. Stopped reporting 10/07.)
AME,Americair Inc.
AMT,American Air Transport
AA,American Airlines Inc.
TSF,American Central Airlines
AFA,American Flag Airlines Inc.
AFG,American Flight Group
AMI,American Inter-Island Inc.
NI (1),American International Airways Inc.
M6,Amerijet International
AMQ,Ameristar Air Cargo
ASD,Amistad Airlines
9N,ANA & JP Express Co. Ltd.
ED,Andes
3CQ,"Andrew Airways, Inc."
AZQ,Anglo Airlines Ltd.
PDQ,Antigua Paradise Airways
AAB (1),Antilles Air Boats Inc.
ADB,Antonov Company
7P,Apa International Air S.A.
APL,Appalachian Flying Service
AFS,Arcata Flying Service
5F,Arctic Circle Air Service
AGQ,Argo S. A.
AAL,Argosy Air Lines Inc.
W3,Arik Air International
RAQ,Arista International Airlines Inc.
ARI,Arizona Aero Corp.
ARZ,Arizona Airways
K7,Arizona Express
AZP,Arizona Pacific Airways
API,Arizona Pacific Inc.
MTA,Arkansas Traveler Airline
AAP,Armstrong Air Service Inc.
ARN,Arnold Aviation
JW,Arrow Air Inc.
WAP,Arrow Panama
ARR,Arrowhead Airways Inc.
IPQ,Aruba Cargo
AG,Arubaanse Luchtvaart Maatschappij NV dba Aruba Airlines
ASP,Asap Air Inc.
PFQ,Asia Pacific
OZ,Asiana Airlines Inc.
APN,Aspen Airways Inc.
AAA,Associated Aviation Act.
ER,"Astar USA, LLC"
AEC,Astec Air East Inc.
ASR,Astor Air
AST,Astro Airways
XAF,Astro-Wing Airlines Inc.
TZ,ATA Airlines d/b/a ATA
ALX,Atlanta Express
ANC,Atlantic Air
ACJ,Atlantic Coast Jet Inc.
ZY,Atlantic Gulf Airlines
ATS,Atlantis Airlines Inc.
5Y,Atlas Air Inc.
AAI,Audi Air Inc.
AUX,Austin Express Inc.
OS,Austrian Airlines
HCQ,Av Atlantic
AVC,Av Center Inc.
AMR,AvAir
VOQ,Avalon Aviation Ltd.
AOQ,Avcon Jet AG
NIQ,AVCON JET MALTA LTD
AD (1),Avia Leasing Company
AO,Aviacion Y Comercio S.A.
6A,Aviacsa Airlines
GU (1),Aviateca
GU,"Aviateca, S.A."
SNA,Aviation Associates
CZQ,Aviation Concepts
AVL,Aviation Sales
AVS,Aviation Services
9V,"Avior Airlines, C.A."
0WQ,Avjet Corporation
XQQ,AXIS Aviation Switzerland AG
J2,Azerbaijan Airlines CJSC
35Q,"Aztec Worldwide Airlines, Inc.  d/b/a  Aztec Airways"
AD,Azul Linhas Aereas Brazileiras S A
ZF,AZUR Air LLC
UP,Bahamasair Holding Limited
ATQ,Bairline Fluggesellschaft
BCA,Baja Cortez Airlines
8Q,Baker Aviation Inc.
BBQ,Balair Ag
LZ,Balkan Bulgarian Airlines
XAG,Ball Brothers Inc.
BAN,Bangor International Air
BAK,Bankair Inc.
QOZ,Bar Harbor Airways
BAS,Baranautica Air Service LLC
BAR,Bard-Air Corp.
BRK,Barken International
BRW,Barrow Air
SKL,Bas Airlines
BYA,Bay Air
JD,Beijing Capital Airlines
4T,Belair Airlines Ltd.
BM,Belize Air International Ltd.
ST,Belize Airways Limited
4H,Belize Trans Air
5B,Bellair Inc.
7G (1),Bellair Inc.
CH,Bemidji Airlines
BEN,Bennington Aviation Inc.
8E,Bering Air Inc.
1LQ,Bertelsmann Aviation GmbH
IW (1),Best Airlines Inc.
BEY,Beyer Aviation
Z3,"Bidzy Ta Hot Aana, Inc. d/b/a Tanana Air Service"
BIA,Big Island Air
GQ,Big Sky Airlines Inc.
BHO,Bighorn Airways Inc.
BG,Biman Bangladesh Airlines
BIR,Birchwood Air Service
BHK,Blackhawk Airways Inc.
BUQ (1),Blue Bell Inc.
TRQ,Blue Scandinavia Ab
BOA,Boise Air Service
BOI,Bo-S-Aire Airlines Inc.
E9 (1),Boston-Maine Airways
4B,Boutique Air
BCQ,Bradley Air Services Ltd.
ALI,Brandt Air
BN (1),Braniff Inc.
BE,Braniff International Airlines Inc.
BTQ,Brasair Transportes Aereos
MX,Breeze Aviation Group DBA  Breeze
BMT,Bremerton Aviation Inc.
BAH,Brennan & Hargreaves Inc.
BN,Britannia Airways GmbH
BY,Britannia Airways Ltd.
4E,British Airtours Limited
BA,British Airways Plc
TXQ,British Caribbean Airways
BD,British Midland Airways Ltd.
VER,Britt Airlines Inc.
BRO,Brower Airways Inc.
SN,Brussels Airlines N.V.
BFQ,Buffalo Airways Inc.
BAY,Burlington Aeroplane Co.
BUR,Burlington Airways Inc.
XAI,Burlington Northern Inc.
BAC,Business Aircraft Corp.
HQ (1),Business Express
BEA,Business Express Airlines
HIQ,Business Flights Ltd.
BUH,Business Helicopters
CAM,C & M Airlines
CUQ,Caicos Caribbean Airways
BR (1),Cal Air International Ltd.
CIS,Cal Sierra Airlines
CLF,California Air Shuttle
CAF,California Seaboard
XAQ,Cam Air International Inc.
2T,Canada 3000 Airlines Ltd.
CP (1),Canadian Airlines International Ltd.
CWQ,Canadian Aviation Express
C6,Canjet Airlines
9K,Cape Air
6C,Cape Smythe Air Service
PT (1),Capital Cargo International
CPT,Capitol Air
CPQ,Capitol Air Express Inc.
CPA,Capitol Air Lines
CL,Capitol International Inc.
CVQ,Caraven S.A.
GG,"Cargo 360, Inc."
W8,Cargojet Airways Ltd.
P3,Cargologicair Limited
CV,Cargolux Airlines International S.A
C8,Cargolux Italia SpA
CRB,Caribair
DC,Caribbean Air Cargo Co Ltd.
OHZ,Caribbean Air Services Inc.
BW,Caribbean Airlines Limited
CRE,Caribbean Express Inc.
WL,"Caribbean Sun Airlines, Inc. d/b/a World Atlantic Airlines"
DQQ,Caribwest Airways Ltd.
KW,Carnival Air Lines Inc.
CBA,Carriba Air Inc.
CZ (1),Cascade Airways Inc.
CSA,Casino Airlines
CSN,Casino Airlines
CAZ,CAT Aviation
CAT,Catalina Airlines Inc.
CVA,Catalina-Vegas Airlines
CX,Cathay Pacific Airways Ltd.
CSK,Catskill Airways Inc.
2GQ,Cavok Air LLC
KX,Cayman Airways Limited
SNB,Ccair
5J,Cebu Air Inc d/b/a Cebu Pacific Air
CSQ,Celtic Tech Jet Ltd.
CNN,Centennial Airlines
CEN,Cen-Tex Airlines Inc.
GW (1),Central American Airlines
XAJ,Central American International
9M,Central Mountain Air
CSL,Central States Air Lines
GBA,Central States Airline
WE,Centurion Cargo Inc.
CTA,Century Airlines
CET,Century Airlines (Cal)
XAK,Century Airlines Inc.
XBI,CF Air Freight
LF,CFM Inc d/b/a Contour Airlines d/b/a One Jet Shuttle
X6,"Challenge Air Cargo, Ltd"
VV (2),Challenge Air International Inc.
CAQ,Challenge Air Luftverkehrs GmbH
VV (1),Challenge Air Transport Inc.
X7,Challenge Airlines (BE) S.A.
5C,Challenge Airlines (IL) Ltd.
MG,Champion Air
CHD,Chandler Flyer
CHL,Channel Flying Inc.
KXZ,Chaparral Airlines Inc.
CTR,Chartair
CHE,Charter Airlines
CHT,Charter One
13Q,Chartright Air Inc.
RP,Chautauqua Airlines Inc.
ACL,Check-Air Inc.
CCO,Chester County Aviation
CGO,Chicago Air Taxi
CGA,Chicago Airlines
C8 (1),Chicago Express Airlines
CI,China Airlines Ltd.
CK,China Cargo Airline
MU,China Eastern Airlines
CZ,China Southern Airlines
CSM,Chisum Flying Service
CHI,Chitina Air Service
CHO,Choi Aviation Inc.
CHS,Christman Air System
A2,Cielos De Peru
XBP,Circle Airfreight Corp.
H2,City Bird
1QQ,City Wings Inc dba Seaflight
CCA,Cityhop
V6,CLAIRMONT HOLDINGS d/b/a VI AIRLINK
CTL,Coastal Air Transport
CPC,Coastal Plains Commuter Inc.
COC,Cochise Airlines Inc.
XAM,Cohlmia Aviation
COK,Coker Aviation Inc.
CAC,Coleman Air Transport
9L,Colgan Air
CJ,Colgan Airways Inc.
CLB,Columbia Pacific Airlines
EXA,Columbia Pacific Airlines
OH (1),Comair Inc.
CMB,Combs Airways Inc.
1ZQ,Comlux Aruba NV
05Q,"Comlux Aviation, AG"
0YQ,Comlux Malta Ltd.
0UQ,"Comlux Malta, Ltd."
CMD,Command Airways Inc.
COM,Commutair
C5,CommuteAir LLC dba CommuteAir
CRA,Commuter Airlines
CMR,Commuter Airlines (Ca)
3SD,Compagnie Aerienne Inter Regionale Express dba Air Antilles Express & Air Guyane
AF,Compagnie Natl Air France
CF,Compan. De Aviacion Faucett
DO,Compania Dominicana De Avia
MX (1),Compania Mexicana De Aviaci
CM,Compania Panamena (Copa)
CP (2),Compass Airlines
Y4,Concesionaria Vuela Compania De Aviacion SA de CV (Volaris)
JCO,Concierge U Ltd. d/b/a Jet Concierge Club
DE,Condor Flugdienst
4S (1),Conner Air Lines Inc.
CQI,Conquest Airline Corp.
CO,Continental Air Lines Inc.
CS,Continental Micronesia
GOF,Copper State Airlines
COR,Coral Air Inc.
CRP,Corporate Air
OIZ,Corporate Air Inc.
0TQ,"Corporatejets, XXI"
SS,Corsair International
CYQ,Corse Air International
COS,Cosmopolitan Comm. Airline
CTH,Cothron Aviation
COB,Cotton Belt Aviation Inc.
COU,Courtesy Air Service Inc.
CAI,Crawford Aviation Inc.
CRH,Cresent Medivac
CRT,Crested Butte Air Service
KWZ,Crown Air
CRO,Crown Airways Inc.
CRN,Crown Aviaiton Inc.
MNZ,Cumberland Airlines
CUS,Custom Air Service
CTQ,Custom Air Transport
OK,Czech Airlines
XAO,Dallas Flight Center
DA,Dan Air Services
DAN,Danbury Airlines
SE (1),Das Air Cargo
ANI,Dash Air Corporation
1XQ,Dassault Falcon Service
DAU,Dauphin Island Airways
DWN,Dawn Air
0BQ,DCA
DEC,Decatur Aviation
DL,Delta Air Lines Inc.
2JQ,Delux Public Charter LLC
Code,Description
DST,Desert Airlines
DPI,Desert Pacific Airlines Inc.
DPA,Desert Pacific Airways
DSA,Desert Sun Airlines
DVO,Devoe Airlines
DHQ,DHL Aero Expresso
DHL,DHL Airlines Inc.
DIC,Dickman Aviation Services
DH (1),Discovery Airways Inc.
DOL,Dolphin Airways Inc.
DXA,Dolphin Express
DEA,Downeast Airlines Inc.
DFS,Downeast Flying Service
B0,Dreamjet SAS Dba La Compagnie
DIA,Drummond Island Air
DUL,Dulles Express
K8,Dutch Caribbean Airlines
8D,"Dynamic Aviation, Inc. d/b/a Beacon"
NPT,E. J. A. Newport Inc.
EGA,Eagle Airline
V9,Eagle Airlines
ECA,Eagle Airlines
EEZ,Eagle Aviation Inc.
EGL,Eagle Commuter Airlines Inc.
EGJ,Eagle Jet Charter
ECR,East Coast Airways
EHA,East Hampton Aire Inc.
EIA,East. Indiana Aviation Sale
ZE,Eastar Jet Co Ltd.
EA,Eastern Air Lines Inc.
1BQ,"Eastern Airlines f/k/a Dynamic Airways, LLC"
EE,Eastern Airlines Group Inc.
EAS,Eastern Caribbean Airways
ECI,Eastern Carolina Aviation
PV,Eastern Provincial Airways
EAT,Eastman Airways Inc.
W9,Eastwind Airlines Inc.
ECL,Eclipse Airlines
EU,Ecuatoriana De Aviacion
EDE,Ede Aire
8R,Edelweiss Air Ag
MS,Egyptair
LY,El Al Israel Airlines Ltd.
ELQ,Elangeni GmbH
EAU,Elitavia Malta Limited
2HQ,Elite Airways LLC
ELL,Ellis Air Taxi Inc.
A0,Elysair d/b/a L'Avion
EMA,Emerald Airlines
OD,Emerald Airlines Inc.
TNQ,Emery Worldwide Airlines
EK,Emirates
ERO,Empire Aero Service
EM,Empire Airlines Inc.
UR,Empire Airlines Inc.
EMP,Empire Airlines Inc.
9E,Endeavor Air Inc.
ENT,Enterprise Airlines Inc.
MQ,Envoy Air
E0,"EOS Airlines, Inc."
29Q,Erickson Helicopters
ERI,Erie Airways Inc.
E7,Estafeta Carga Aereas
ET,Ethiopian Airlines
EY,Etihad Airways
MM,Euro Atlantic Airways
GJ,Eurofly S.p.A
QY,European Air Transport Leipzig GmbH
E72,European Aviation Air Charter
4Y,EUROWINGS DISCOVER GmbH
EW,Eurowings GmbH
BR,Eva Airways Corporation
EVA,Evanston Aviation
E9,Evelop Airlines SL
EZ,Evergreen International Inc.
JN,Excel Airways
1JQ,Exec Direct Aviation Services Limited
EEX,Exec Express
EET,Exec Express II
EBQ,Execaire Aviation Ltd.
OW,Executive Airlines
EAQ,"Executive Airlines, SL"
EAI,Executive Aviation Inc.
EXC (1),Executive Charter
GQQ,Executive Express dba Ravn Connect
EFA,Executive Four Winds
EXR,Executive Transport
EXQ,Export Air Del Peru S.A.
XPA,Express Air d/b/a Sunrise
EXP,Express Airlines II
JKQ,Express One International Inc.
TCQ,Express.Net Airlines
XE,ExpressJet Airlines Inc.
EV,ExpressJet Airlines LLC d/b/a aha!
FSA,F.S. Air Service
IFQ,FAI rent-a-jet AG
FCQ,Falcon Air Express
FAC,Falcon Airways Inc.
FAA,Falwell Aviation Inc.
FWA,Far West Airlines
FRW,Farwest Airlines
UD,Fast Air Carrier Ltd.
FAQ,Fast Air Carrier Ltd.
VH,Fast Colombia SAS d/b/a Viva Colombia
FAR,Federal Armored Service Inc.
FX,Federal Express Corporation
FNQ,Fine Airlines Inc.
AY,Finnair Oy
7F,First Air
TZQ,First Choice Airways
FFQ,Five Star Airlines
8N,Flagship Airlines Inc.
9R,Flagship Express Services
07Q,Flair Airlines Ltd.
FLM,Flamenco Airways Inc.
PTQ (1),Flight International
XAU,Flight Line Inc.
FK,Flightcraft Air Charter Ltd dba KF Aeroflyer
ARQ,Flightworx Aviation Ltd
FLR,Flirite Inc.
FLA,Florida Air
FDA,Florida Airlines Inc.
PA,Florida Coastal Airlines
ZO,Florida Express Inc.
PRQ,Florida West Airlines Inc.
8W,Fly Airways NV
OJ,Fly Jamaica Airways Limited
OG,Fly PLAY ehf
FYB,Flying Boat
OP,Flying Boat Inc.
MT (1),Flying Colours Airlines Ltd.
FYQ,Flying Group Lux S.A.
0Q,Flying Service N.V.
FT,Flying Tiger Line Inc.
Y7,Flyjet Limited d/b/a Silverjet
FOR,Ford-Aire Inc.
FOS,Foster Aviation
FRS,Four Star Aviation
6F,"FOX AIRCRAFT, LLC"
FRA,Freedom Air
F8,Freedom Airlines d/b/a HP Expr
FDM,Freedom Airlines Inc.
BF,French bee
WST,Friday Harbor Seaplanes
HAR,Friendship Air Alaska
F9,Frontier Airlines Inc.
FL (1),Frontier Airlines Inc.
FRT,Frontier Commuter
2F,Frontier Flying Service
FH,Frontier Horizon Inc.
GBQ,G5 Executive Ag
1UQ,Gainjet Aviation SA
GJQ,GainJet Ireland Ltd
GAQ,Galaxy Airlines Inc.
GAL,Galena Air Service
GTQ,Galistair Trading Ltd
WGQ,Gateway Aviation Limited
GSC,GCS Air Service
SNC,Gelco Courier Services Inc.
22Q,Gem Air LLC
GR,Gemini Air Cargo Airways
GCQ (1),General Air Cargo
GAS,General Aviation Inc.
GEQ,"Gestair, S.A."
GH,Ghana Airways Corporation
GCA,"Global Crossing Airlines, Inc."
GIQ,Global International Airways Corp.
IGA,"Global Jet Austria, GmbH"
SVW,"Global Jet Luxembourg, Sa"
GSQ,Global Supply System
Y2,Globespan Airways Limited d/b/a Flyglobespan
GCQ,Glock Aviation GmbH
G7,GoJet Airlines LLC d/b/a United Express
GCA (1),Golden Carriage Aire
GSA,Golden Gate Airlines Inc.
KIN,Golden Pacific Airlines
GSL,Golden South Airlines Inc.
GST,Golden State Airlines
GLW,Golden West Airlines Co.
GDW,Golden West Airlines Inc.
GWQ,"Golden Wings Charter, Ltd"
GRA,Gorda Aero Service
GPA,GP Express Airlines
QD,Grand Airways Inc.
GRD,Grand Canyon Airlines
YR,"Grand Canyon Airlines, Inc. d/b/a Grand Canyon Airlines d/b/a Scenic Airlines"
GCH,Grand Canyon Helicopters
GV,Grant Aviation
FDQ,Great American Airways
ZK,Great Lakes Airlines
TRI,Great Plains Airlines Inc.
IJ,Great Wall Airlines Company Limited
ROS,Great Western Airlines Inc.
GWA,Great Western Aviation
GHA,Green Hills Aviation Ltd.
GMA,Green Mountain Airlines Ltd.
GG (2),Grenada Airways Ltd.
GAV,Gromer Aviation Inc.
GF,Gulf Air Company
GAT,Gulf Air Taxi
GF (1),Gulf Air Transport Inc.
GFQ,Gulf And Caribbean Cargo
GFC,Gulf Flite Center
GUL,Gull Air Inc.
GUN,Gunnel Aviation Inc.
HX (1),Guy-America Airways Inc.
GY,Guyana Airways Corporation
H6,Hageland Aviation Service
HU,Hainan Airlines Company Limited
HNS,Haines Airways
KB,Haiti Air
HFQ,Haiti Air Freight Intl
TV,Haiti Trans Air
WD,Halisa Air
HAQ,Hamilton Jetport Limited
CHF,Hammonds Commuter Air Serv.
HAQ (1),Hapag Lloyd Flug.
EXC,Hapag-Lloyd Executive GmbH
HSV,Harbor Air Service
OAK,Harbor Airlines Inc.
YB,"HARBOUR AIR LTD. D/B/A HARBOUR AIR SEAPLANES, WHISTLER AIR AND SALTSPRING AIR"
HQQ,Harlequin Air Corporation
HQ,Harmony Airways
HBQ,Harris Air Services
HUQ,Haute Aviation
LHA,Havasu Airlines
XAH,Hawaii Pacific Air
CLD,Hawaii Pacific Helicopters
HA,Hawaiian Airlines Inc.
HWK,Hawking Corporation
XCA,Hawkins And Powers Aviation
HLQ,Heavylift Cargo Airlines Lt
JB,Helijet International Inc.
HET,Helitac Aviation
HEL,Helitrans
XDC,Hemisphere Air Charter
HFS,Hensley Flying Service Inc.
HRG,Heritage Airlines
HEU,Heussler Air Service Corp
VY,Highland Express Airways
37Q,"Hillwood Airways, LLC  f/k/a   ATX Air Services, LLC"
ZS,Hispaniola Airways
HOQ,Holidair Airways
HOL,Holiday Airlines Inc.
HB,Homer Air
HX,Hong Kong Airlines Limited
KA,Hong Kong Dragonair
UO,Hong Kong Express Airways Limited
QX,Horizon Air
HEP,Hub Express
HYA,Hyannis Aviation
HYP,Hyperion Aviation Ltd. dba Hyperion
IB,Iberia Air Lines Of Spain
XBX,Icb International Airlines
FI,Icelandair
III,Idee Industries Inc.
V8,Iliamna Air Taxi
IMP,Imperial Airlines Inc.
IXQ,Inair
DH,Independence Air
INQ,Independent Air Inc.
IND,Indiana Airways Inc. (Pa)
RID,Indiana Airways Inc. (Reid
IPI,Indo-Pacific International
7N,Inland Aviation Services
INA,Inland Empire Airlines Inc.
CKI,Inlet Airlines
7I,Insel Air International B V
8I,Inselair Aruba NV
ND,Intair
0GQ,"Inter Island Airways, d/b/a Inter Island Air"
ITQ,Interamericana De Aviacion
XBJ,International Air Service
XPQ,International Cargo Xpress
1HQ,International Jet Management GmbH
XDD,International Parcel Express Inc.
QB,Inter-Quebec (Intair)
IRQ,Interstate Airlines Inc.
IDQ,Intl Air Service Co. Ltd.
HOR,Iowa Airlines
IOW,Iowa Airways
ICF,Iowa City Flying Service
IR,Iran National Airlines Corp
IA,Iraqi Airways
ICQ,Iscargo Hf
ICH,Island Air Charters
IEX,Island Air Express
WP,Island Air Hawaii
2O,Island Air Service
ISL,Island Airlines
ACH,Island Airlines Hawaii Inc.
1DQ,Island Airlines LLC
IPS,Island Express
IWQ,Island Wings Ltd. Dba Island Wings Charter
GRO,Isle Royale Seaplane Serv.
6H,Israir Airlines
AZ,Italia Transporto Aereo S.P.A DBA ITA S.P.A
2EQ,"J&M Alaska Air Tours, Inc. d/b/a Alaska Air Transit"
V5,J.D.Valenciana De Aviation
JI,Jade Cargo International
JO,Jalways Co. Ltd.
JAQ,Jamaica Air Freighters
JZ,Japan Air Charter Co. Ltd.
JL,Japan Air Lines Co. Ltd.
JD (1),Japan Air System Co. Ltd.
QK,Jazz Aviation LP
7C,Jeju Air Co Ltd.
JER,Jer-Don Air
JX (1),Jes Air Ltd.
9W,Jet Airways (India) Limited
SI (1),Jet America Airlines Inc.
PP,Jet Aviation Business Jets AG
27Q,"Jet Aviation Flight Services, Inc."
TJ,Jet Charter Service Inc.
JCQ,Jet Connection Businessflight Ag
XBC,Jet East Inc.
BDE,Jet Express
JIQ,Jet Fleet Intl. Airlines
1IQ,Jet link AG
24Q,Jet Story
XAR,Jet Way Inc.
LS,Jet2.com
JTA,Jetaire Airlines Inc.
8J,Jetall Airways
JAG,JetAlliance Flugbetriebs d/b/a JAF Airservice
B6,JetBlue Airways
0J,JetClub AG
SG,Jetsgo
JQ,Jetstar Airways Pty Limited
LF (1),Jettrain Airlines
JMA,Jim Air Inc.
LJ,Jin Air Co Ltd.
1NQ,JSC The 224th Flight Unit State Airlines
3KQ,"Junipogo, LLC"
1EQ,"KaiserAir, Inc."
J5,Kalinin Aviation LLC d/b/a Alaska Seaplanes
KAQ,Kalitta Air LLC
KLQ,Kalitta Charters II
KR (1),Kar-Air Oy
KAT,Katmai Air
KEA,Keene Airways
KWQ,Kelowna Flightcraft Air Cha
JRQ,"KENAI AVIATION OPERATIONS, LLC"
KA1,"Kenmore Air Express, LLC (subsidiary of Kenmore Air Harbor)"
KAH,Kenmore Air Harbor
KQ,Kenya Airways PLC
KET,Ketchikan Air Service
KEE,Key Airlines
ZN,Key Airlines Inc.
38Q,Key Lime Air Corporation
KFS,King Flying Service
XDH,Kitty Hawk Air Cargo
KR,Kitty Hawk Aircargo
CDQ,Kitty Hawk International
KP,Kiwi International
KL,Klm Royal Dutch Airlines
XAS,Klondike Air Inc.
KAI,Knight Airlines Inc.
KOD,Kodiak Airways Inc.
KE,Korean Air Lines Co. Ltd.
7B,Krasair
KU,Kuwait Airways Corp.
JF,L.A.B. Flying Service Inc.
LAH,La Helicopter
LAA,La Skycab Airline
LR,Lacsa
UC,Ladeco
LCT,Lake Coastal
NUM,Lake State Airways
LAS,Lake Union Air Service
LLA,Lakeland Aviation
GKQ,Laker Airways
6F (1),Laker Airways Inc.
4M,LAN Argentina
L7,Lan Colombia
4M (1),Lan Dominica
XL,Lan Ecuador
LP,Lan Peru Airlines
LAN,Lancer Aviation Inc.
LA,Lan-Chile Airlines
NI,Lanica
MJ,Lapa-Lineas Aereas Privadas
LAP,Lapsa
LAR,Laredo Air
J6,Larrys Flying Service
LVA,Las Vegas Airlines
LCQ,Latcr
NG,Lauda Air Luftfahrt Ag
LDM,Laudamotion GmbH
LAW,Lawrence Aviation
7Z,Lb Limited
LEQ,Le Point Air
LC (2),Legend Airlines
LZQ,Leisure International Airways Ltd.
LEX,L'Express
LIQ,Liat (1974) Limited
2NQ,LIMA NY Corp d/b/a Fly The Whale
LGQ,Lineas Aereas Allegro
ZE (1),Lineas Aereas Azteca
LC (1),Lineas Aereas Del Caribe
LUQ,Lineas Aereas La-Tur Sa
MYQ,Lineas Aereas Mayas (Lamsa)
PZ,Lineas Aereas Paraguayas
LSQ,Lineas Aereas Suramerican
LB,Lloyd Aereo Boliviano S. A.
LKN,Loken Aviation
14Q,London Air Services Limited
HMZ,Long Island Airlines
2KQ,Longtail Aviation Ltd.
LOQ,Lorair Ltd.
GE,Lufthansa Cargo Airlines
LH,Lufthansa German Airlines
LT,Luftransport-Unternehmen
LG,Luxair
LMQ,Luxaviation EA
LXQ,Luxaviation Germany GmbH
2RQ,Luxaviation S A
L2,Lynden Air Cargo Airlines
L3,Lynx Aviation d/b/a Frontier Airlines
MNA,M & N Aviation
MAC,Mackey International Inc.
DM,Maersk Air I/S
H5,Magadan Airlines
MAG,Magum Airlines
MHO,Mahalo Air
0FQ,"Maine Aviation Aircraft Charter, LLC"
1PQ,Makani Kai Air Charters
MH,Malaysian Airline System
DB,Maleth Aero AOC Ltd.
MA,Malev Hungarian Airlines
SOA,Mall Airways Inc.
MEA,Manhattan Express
MUA,Manu'a Air Transport
MRC,Marco Island Airways Inc.
3AQ,"Maritime Helicopters, Inc."
HER,Markair Express
BF (1),Markair Inc.
MAR,Marshall's Air Inc.
MP,Martinair Holland N.V.
06Q,Master Top Linhas Aereas Ltd.
Q4,"Master Top Linhas Aereas, Ltda."
MAA,Maui Airlines
MAV,Maverick Airways
MAX,Maxair Inc.
MY,MAXjet
MU (1),Mcclain Airlines Inc.
ZFZ,Mcphillips Flying Service
28Q,Menagerie Enterprises Inc d/b/a Monarch Air
MLX,Merlin Express
MRR,Merrimack Aviation Inc.
YV,Mesa Airlines Inc.
XJ,Mesaba Airlines
CAP,Metro Air Northeast N Y
ANO,Metro Air Northeast Vermont
MDU,Metro Airlines
EME,Metro Express
MEX,Metro Express 11
MTR,Metroflight Airlines
0LQ,"Metropix UK, LLP."
MET,Metroplex Airlines
GJ (1),Mexicargo
M2,MHS Aviation GmbH
GL,Miami Air International
RJS,Michigan Airways Inc.
XAT,Michigan Peninsula Airways
MCO,Mid Continental Airlines In
MPC,Mid Pacific Air Corp.
MPA,Mid Pacific Airlines Inc.
MAE,Mid-Atlantic Exp. Airlines
MDC,Midcontinent Airlines
ME,Middle East Airlines S.A.L.
VL,Mid-South Aviation Inc.
RCA,Mid-South Aviation Inc.
MIS,Midstate Airlines Inc.
JI (1),Midway Airlines Inc.
ML (1),Midway Airlines Inc.
MIY,Midway Aviation Inc.
GCS,Midway Commuter
2M,Midway Express Airlines
YX (1),"Midwest Airline, Inc."
MST,Midwest Aviation
MAQ,Millardair Limited
MLL,Miller Air Transportersinc
BFG,Million Air
LBQ,Millon Air Inc.
MIN,Minuteman Aviation Inc.
WSU,Mission Air
MVA,Mississippi Valley Airlines
25Q,Mjet GmbH
7G,MK Airlines Ltd.
W4,"Mn Aviation, Inc."
MHK,Mohawk Airlines
MW,"Mokulele Flight Services, Inc."
ZB,Monarch Airlines
MGQ,Montana Austria Flugetrieb
MOQ,Morningstar Air Express
KN,Morris Air Corporation
MTX,Mountain Air Express
S6 (1),Mountain Bird/Salmon Air
MWA,Mountain West Airlines
WCI,Mountainwest Airlines
MTV,Mst Aviation
3E,"Multi-Aero, Inc. d/b/a Air Choice One"
XY,Munz Northern Airlines Inc.
RNQ,Mytravel Airways
NJA,N. J. Merrimack Airlines
NWQ,N. W. Territorial Airways
NET,Nacnet
XBV,Nal Inc.
NAS,Nasville Eagle
NAQ,Nationair
NAT,National Air
N8,National Air Cargo Group Inc d/ba National Airlines
NAC,National Air Commuter Inc.
N7,National Airlines
AI,National Aviation Company of India Limited d/b/a Air India
NTQ,National Aviation Consult.
NCA,National Commuter Airlines
NFA,National Florida Airlines
N5 (1),Nations Air Express Inc.
3BQ,"Nealco Air Charter Services, Inc.  d/b/a  Watermakers Air"
NOS,Neos S.P.A
BNQ,NetJets Large Aircraft Company L.L.C.
NJE,"NetJets Transportes Aereos, S.A."
NEV,Nevada Airlines
NVX,Nevis Express
NEB,New Born Wings Inc.
NEW,New England Airlines Inc.
NY,New York Air Inc.
NYH,New York Helicopter Corp.
NHA,Newair Flight Inc.
6Y,Nicaraguense De Aviacion Sa
WT,Nigeria Airways Ltd.
KZ,Nippon Cargo Airlines
NLQ,Nolinor Aviation
CHQ,Nomad Aviation AG
NEC,Nor East Commuter Airlines
NKQ,Norcanair
AIQ,Norontair
N0,"Norse Atlantic Airways,AS"
Z0,Norse Atlantic UK Ltd
NA,North American Airlines
AMA,North American Airlines Inc.
NFQ,North Cariboo Flying Serv.
NSQ,North Coast Air Services
NEQ,North East Cargo Airlines
NPA,North Pacific Airlines Inc.
NXQ,North Vancouver Air
NTH,Northaire
NCE,Northcoast Executive
NEX,Northeast Express Regional
NER,Northeast Express Regional
QS (1),Northeastern International Airways
NC,Northern Air Cargo Inc.
NRN,Northern Airlines Inc.
NGL,Northern Eagle Airways Inc.
7H,"Northern Pacific Airways, Inc. Dba  Ravn Alaska"
DIR,Northern Star
NN,Northward Airlines Ltd.
NW,Northwest Airlines Inc.
NWS,Northwest Seaplanes
D8,Norwegian Air International Ltd.
DY,Norwegian Air Shuttle ASA
DI,Norwegian Air UK Limited
NOQ,Novair Airlines Ab
NVQ,Novair International Airways Ltd.
NAP,Npa Inc.
ONQ,Nunasi-Central Airlines Ltd.
OB,Oasis International Airlines S.A.
MMH,Ocean Airways Inc.
OCR,Ocean Reef Airways Inc.
0VQ,Ocean Sky (UK) Limited
TCE,Oceanair Line
O6,Oceanair Linhas Aereas S A
OFF,Offshore Logistics
4B (1),Olson Air Service
OA,Olympic Airways
OHA,Omaha Aviation
OMK,Omak Aviation Airlines
F2,Omega Air Holdings d/b/a Focus Air
X9,Omni Air International LLC
OMN,Omni Pacific Airline
OMI,Omniflight Airways
OMH,Omniflight Helicopters
OWQ,Ontario Worldair Limited
0OQ,Open Skies
LV,OPENSKIES SAS
20Q,Orange Air
6O,ORBEST AIRLINE
R2,Orenburg Airlines
OPQ,Orion Air
ORI,Orion Air Inc.
OTT,Otter Air
UNQ,Overseas National Airways
OZA,Ozark Air Lines Inc.
OZ (1),Ozark Air Lines Inc.
MZ,P.N. Merpati Nusantara Air.
PSA,P.S. Air Freight Inc.
GA,P.T. Garuda Indonesian Arwy
RC,P/F Atlantic Airways
PCR,Pacair
PCQ,Pace Airlines
XDA,Pacific Air Express Inc.
3F,"Pacific Airways, Inc."
XBT,Pacific Alaska Airlines Inc.
PCL,Pacific Cal Air
HPZ,Pacific Coast Airlines
6P,Pacific East Air Inc.
VB (1),Pacific Express
PIQ,Pacific International Airlines
SFQ,Pacific International Airlines Inc.
PIA,Pacific Island Airways
9J,Pacific Island Aviation
PMA,Pacific Missionary Aviation
ATO,Pacific National Airways
PS (1),Pacific Southwest Airlines
PW,Pacific Western Airlines
LW,Pacific Wings Airlines
PFA,Pacificair
PK,Pakistan International Airlines
K2,"Paklook Air, Inc d/b/a/ Airlift Alaska d/b/a/ Yute Commuter Service"
RAN,Pan Am Express
PN,Pan American Airways Corp.
PA (2),Pan American World Airways
PA (1),Pan American World Airways
7Q,Pan American World Airways Dominicana
PNQ,Panagra Airways
PNM,Panama Aviation
PAT,Panorama Air Tours
PRD,Paradise Island Airlines
XAY,Pat Air
PAF,Pathfinder Aviation
PAQ,Patriot Airlines Inc.
PEA,Pearson Aircraft
PD (1),Pem-Air Limited
KS,Peninsula Airways Inc.
PE (1),People Express Airlines Inc.
PAI,Permian Airways Inc.
PET,Petro Aviation Corp.
XBM,Phh Air Inc.
PR,Philippine Airlines Inc.
PHL,Phillips Airlines
PHX,Phoenix Airlines
PCA,Piasa Commuter Airlines
PT,Piedmont Airlines
PI,Piedmont Aviation Inc.
PMT,Pilgrim Aviation & Airlines
PNS,Pine State Airlines
PHR,Pinehurst Airlines Inc.
PNR,Pioneer Airways
PLA,Planes Inc.
PLQ,Planet Airways
Z3Q,"PM Air, LLC"
POC,Pocono Airlines Inc.
PO,Polar Air Cargo Airways
0HQ,Polar Airlines de Mexico d/b/a Nova Air
PLZ,Polar Airways Inc.
POL,Polar International
34Q,"Polaris Aviation Solutions, LLC"
LO,Polskie Linie Lotnicze
PH,Polynesian Airlines Ltd.
POQ,Polyot Airlines
POM,Pompano Airways
PON,Ponderosa Aviation Inc.
PTQ,Pontair Ltd.
PD,"Porter Airlines, Inc."
POA,Potomac Air
PVA,Precision Valley Aviation
SIQ,Premiair
PM,"Prescott Support Company, Inc."
XV,Presidential Airways Inc.
COL,Presidential Express
OI,Prestige Airways
FE,Primaris Airlines Inc.
PRM,Prime Air Inc.
PF,Primera Air Scandinavia
PU,Primeras Lineas Uruguays For International
JVQ,Prince Aviation
PRA,Princeton Aviation Corp
PBQ,Privatair
5J (1),Private Jet Expeditions
P9,Pro Air Inc.
PRR,Pro Air Services
XBH,Profit Airlines Inc.
Z3 (1),Promech
PPQ,Propair
PRP,Propheter Aviation
PBA,Provincetown Boston
OH,PSA Airlines Inc.
30Q,"Public Charters, Inc. d/b/a North Country Sky d/b/a Regional Sky d/b/a Texas Sky"
PRN,Puerto Rico Intl Airlines
XAZ,Purolator Sky Courier Inc.
QF,Qantas Airways Ltd.
QR,Qatar Airways (Q.C.S.C)
OMQ,Quassar De Mexico
5G (1),Queen Air
QWE,Qwest Commuter
RDR,Rader Aviation
RMV,Ram Aviation
REA,Realwest Airlines
3DQ,"Rectrix Aviation, Inc."
RY,Redcoat Air Cargo Limited
RDW,Redwing Airways
RVQ,"Reeve Air Alaska, LLC"
RV (1),Reeve Aleutian Airways Inc.
RVA,Reeves Air
2R,Regal Air
RGQ,Regency Air
4R,Regent Air Corporation
3C,"Regions Air, Inc."
RLQ,Reliant Airlines
QQ,Reno Air Inc.
REQ,Renown Aviation
YX,Republic Airline
RC (1),Republic Airlines Inc.
RES,Resort Airlines Inc.
RSC,Resort Commuter
1TQ,Rhoades Aviation dba Transair
RIQ,Rich International Airways
RIC,Richardson Aviation
RIO,Rio Airways Inc.
EWA,Rio Grande Air
RIV,Riverside Air Service
JCZ,Rocky Mountain Airways Inc.
RMH,Rocky Mountain Helicopters
ROE,Roederer Aviation Inc.
NJQ,Romcargo Airline S.R.L
GWE,Ross Aviation Inc.
QN,Royal Air
AT,Royal Air Maroc
ROY,Royal American Airways Inc.
RHA,Royal Hawaiian Airways Inc.
YM,Royal West Airlines
ROA,Royal West Airways Inc.
RAL,Royal-Air Ltd.
RAY,Royale Airlines Inc.
7S,Ryan Air f/k/a Arctic Transportation
RD,Ryan International Airlines
SSA,S. S. Airways Inc.
SN (1),Sabena Belgian World Air.
SBA,Saber Aviation Inc.
EH,Saeta Airlines
SAJ,Sajen Air Inc.
SLR,Salair
XDF,Salair Inc.
SAL,Sallee's Aviation
MB,Samoa Airlines Inc.
SMO,Samoa Aviation Inc.
SAM,Samoan Airlines Inc.
SJA,San Juan Airlines Inc.
S3,"Santa Barbara Airlines, C.A"
S4,Sata Internacional
SV,Saudi Arabian Airlines Corp
SIQ (1),Scanair
SK,Scandinavian Airlines Sys.
AQB,Scanwings Oy
HSZ,Scenic Airlines Inc.
SKM,Scheduled Skyways
TR,Scoot Tigerair Pte Ltd d/b/a Scoot
I4,Scott Air LLC dba Island Air Express
SCN,Scott Aviation
3EQ,"Scott Aviation, LLC  d/b/a  Silver Air"
SAH,Sea Air Shuttle
SEB,"Seaborne Virgin Islands, Inc."
SCO,Seaco Airlines Inc.
ESQ,Seagreen Air Transport
SEG,Seagull Air Service
SAI,Seair Alaska Airlines Inc.
SST,Seaplane Shuttle Transport
K5,"Seaport Airlines, Inc."
STG,Sedalia Marshall Boonvl Stg
SEM,Semo Aviation Inc.
FS,Serv De Trans Aereos Fuegui
SMQ,Serv. Aerolineas Mexicanas
SER,Service Aviation Inc.
SH,Servicio Aereo De Honduras
8L,Servicio Aereo Leo Lopez
CMQ,Servicio De Carga Aerea Sa
BIQ,Servicios Aeronauticos Z S.A. De C.V.
VC,Servicios Avensa
SFO,Sfo Helicopter Airlines Inc.
SHS,Shasta Air Inc.
SHV,Shavano Air Inc.
SNE,Shawnee Airlines
S5,Shuttle America Corp.
3U,Sichuan Airlines Co Ltd.
SSS,Sierra Express Inc.
SXP,Sierra Expressway
SFS,Sierra Flite Service Inc.
SNV,Sierra Nevada Airways
SI,Sierra Pacific Airlines
ZPQ,"Silk Way Airlines, LLC"
7L,Silk Way West Airlines
3M,Silver Airways
SKS,Silver Kris Services Ltd.
SIA,Silver State Airlines
SQ,Singapore Airlines Ltd.
N5,Skagway Air Service
H8,Sky Airline Peru
SLQ,Sky King Inc.
WI,Sky Lease Cargo
SOE,Sky One Express
KV,Sky Regional Airlines Inc.
SEQ,Sky Service F.B.O.
1I,Sky Trek International Airlines
QG,Sky West Aviation Inc.
Q7,SkyBahamas Airlines Ltd.
SX,"Skybus Airlines, Inc."
SYB,Skybus Express Airlines
FW,Skybus Inc.
SJQ,Skycharter (Malton) Ltd.
STQ,Skycraft Air Transport Inc.
FVA,Skycraft Inc.
KFQ,Skyfirst Limited
TIS,Skyfreight
GW,SkyGreece Airlines S A
SKJ,Sky-Jet
SBQ,Skyjet S.A.
SCT,Skyline Airlines
PEQ,SkyLink Express Inc.
BC,Skymark Airlines Inc.
SYM,Skymaster
5G,"Skyservice Airlines, Inc."
7S (1),Skystar International Inc.
HUB,Skystream Airlines
SKT,Skytrain
AL,Skyway Airlines
ZYZ,Skyway Aviation Inc.
OO,SkyWest Airlines Inc.
PKQ,Skyworld Airlines Inc.
SLO,Slocum Air Inc.
2E,Smokey Bay Air Inc.
Q7 (1),Sobelair
TX,Soc.Nouvelle Air Guadeloupe
MM (1),Sociedad Aeronautica De Med
4S,Sol Air (Aero Hunduras)
23Q,Songbird Airways Inc.
SOL,Soonair Lines Inc.
SA,South African Airways
SCY,South Coast Airways
SOP,South Pacific Island Airway
AND,Southcentral Air Inc.
JX (2),Southeast Airlines
SLZ,Southeast Airlines Inc.
WEB,Southeast Alaska Airlines
COT,Southeastern Commuter
9S,Southern Air Inc.
SAQ,Southern Air Transport Inc.
FCA,Southern Airlines Inc.
FTI,Southern Airways
9X,"Southern Airways Express, dba Mokulele Airlines"
SEP,Southern Express Airways
SFQ (1),Southern Frontier Air Trans
AVZ,Southern Jersey Airways
SSP,Southern Seaplane
A4,Southern Wind Airlines
WN,Southwest Airlines Co.
JK,Spanair S.A.
BXQ,Spantax S. A.
LDQ,Sparfell Luftfahrt GmbH
QFX,Sparfell Malta Ltd
SNK,Spernak Airways Inc.
NK,Spirit Air Lines
SPH,Spirit Helicopter
SPR,Sportsman Flying Service
SPG,Springdale Air
SPF,Springfield Air Service
SDQ,St. Lucia Airways Limited
SFI,Stahmannfarms Inc.
S6,Star Air A/S
SRA,Star Aviation
STR,Star Aviation Corporation
1SQ,Star Marianas Air Inc.
JX,STARLUX AIRLINES
STA,State Airlines Inc.
STW,Stateswest Airlines
SRL,Sterling Air Service
NBQ,Sterling Airways A/S
NB,Sterling Cargo
SMC,Stopher Mechanical Inc.
SBN,Suburban Airlines
DUZ,Summit Airlines Inc.
OOZ,Sun Aire Lines
SY,Sun Country Airlines d/b/a MN Airlines
SUI,Sun International Airways
SPQ,Sun Pacific International
SVL,Sun Valley Airlines
SUX,Sunair Express LLC
SUT,Sunbelt
JAM,Sunbelt Airlines Inc.
SKI,Sunbird Inc.
WS (1),Suncoast Airlines Inc.
PRO,Sundance Airlines
SAC,Sundorph Aeronautical Corp.
ASW,Sunrise Airlines Inc.
SUA,Sunshine Airlines
SWA,Sunwest Airlines
WG,Sunwing Airlines Inc.
SM,Sunworld International Airlines
JK (1),Sunworld International Airways Inc.
SSQ,Superior Airways Limited
PY,Surinam Airways Limited
2UQ,Svenskt Industriflyg AB
09Q,"Swift Air, LLC d/b/a Eastern Air Lines d/b/a Eastern"
SWT,Swift Aire Lines Inc.
10Q,Swiss Air Ambulance
LX,Swiss International Airlines
SWQ,Swiss Private Jet S.A.
SO,Swiss World Airways
SR,Swissair Transport Co. Ltd.
WO,SWOOP Inc.
RB,Syrian Arab Airlines
TA,Taca International Airlines
TQQ,Taca Peru
TEQ,TAG Aviation (Malta) Ltd.
0QQ,TAG Aviation (UK) Ltd.
0RQ,TAG Aviation Espana S.L.
FP,TAG Aviation S.A.
TQ,"Tailwind Air, LLC"
TAT,Talarik Creek Air Taxi
2OQ,Talofa Airways Limited
EQ,Tame Linea Aerea del Ecuador Tme EP
R0,Tantalus Air Ltd. d/b/a Harbour Air d/b/a Harbour Air Seaplanes
TP,Tap-Portuguese Airlines
TAQ,Taquan Air Service
HRQ,Tar Airlines
RO,Tarom Romanian Air Transpor
5V,Tatonduk Outfitters Limited d/b/a Everts Air Alaska and Everts Air Cargo
BJQ,Taxirey S.A. De C.V.
THQ,T-Bird Air Inc.
TAL,Tejas Airlines Inc.
XP,TEM Enterprises dba  Avelo Airlines
TYE,Temsco Airlines
TEN,Tennessee Airways Inc.
TER,Terre Haute Air Commuter
TRR,Territorial Airlines
TXY,Texas Airways
TXA,Texas National Airlines
TG,Thai Airways International Ltd.
LP (1),The Hawaii Express Inc.
MAI,The Maui Commuter
TTM,The Time Machine
MT,Thomas Cook Airlines Uk Ltd.
THO,Thorson Aviation
KI,Time Air Ltd.
HK,Time Air Sweden Ab
02Q,Titan Airways
FF,Tower Air Inc.
TSQ,TPI International Airways
04Q,Tradewind Aviation
IKQ,Tradewinds Airways Ltd.
TGQ,Tranps Aereos Guatemaltecos
TXE,Trans Air (Hawaii)
TGO,Trans Air Cargo Inc.
TIA,Trans Air Inc.
ECQ,Trans American Charter
TCI,Trans California Airlines
TCA,Trans Catalina Airlines
YB (1),Trans Continental Airlines
STF,Trans East International
EFQ,Trans Europ. Airways France
TFQ,Trans International Airlines Inc.
TIE,Trans International Express
TMA,Trans Mo Airlines
AOI,Trans New York
2TQ,Trans Northern Airways d/b/a Air Unlimited Charter Services
TRP,Trans Pennsylvania Airlines
TSI,Trans Sierra Airlines Inc.
PDA,Trans Southern Airways
AX,Trans States Airlines
TWA,Trans Western Airlines Utah
TW,Trans World Airways LLC
TWE,Trans World Express
UN,Transaero Airlines
TKQ,Trans-Air-Link Corporation
TV (1),Transamerica Airlines Inc.
HVQ,Transavia Holland B. V.
TR (1),Transbrasil S.A.
TDQ (1),Transcarga
TCL,Trans-Central Airlines Inc.
TCO,Trans-Colorado Airlines
FB,Translift Airways Limited
LXQ (1),Translux Intl Airlines
TLQ,Trans-Mediterranean Airways
KKQ,Transmeridian Air Cargo Ltd.
T9,TransMeridian Airlines
TH,Transmile Air Service
HRA,Trans-National Airlines Haw
BOQ,Transp. Aereos Bolivianos
GD,Transp. Aereos Ejecutivos
VR,Transportes Aereos De Cabo
QT,Transportes Aereos Mercantiles Panamericanos S.A
TX (1),Transportes Aereos Nacional
VW,Transportes Aeromar S.A de C.V
JJ,Transportes Aeros Meridiona
MC,Transtar Airlines Corp.
TNS,Transtate Aviation
ACW,Transwest Air Express
QS,"Travel Service, a.s. d/b/a SmartWings"
TVL,Travelair
9T,"TravelspanGT, Inc. S.A."
TAF,Tri Air Freight
TBQ,Triair Bermuda Flt Operations
T3,Tristar Airlines Inc.
TFZ,Tri-State Airlines Inc.
2LQ,Tropic Ocean Airways LLC
GG (1),Tropical Airways Inc.
THA,Tropical Helicopter Airways
RIA,Trump Air
TB,TUI Airlines Belgium N.V. d/b/a Jetairfly
OR,TUI Airlines Nederland B.V.
6B,TUIfly Nordic A.B.
TUL,Tulsair Beechcraft Inc.
TK,Turk Hava Yollari A.O.
KTQ,Turks Air Ltd.
BHQ,Turks Air Ltd.
TUR,Turner Aire
1MQ,Twin Cities Air Service LLC
TIQ,Tyrolean Jet Service
U2,UFS Inc.
PS,Ukraine International Airlines
1WQ,Ultimate JetCharters LLC dba Ultimate Air Shuttle
RL,UltrAir
12Q,Unijet
UT,Union De Transports Aeriens
UA,United Air Lines Inc.
5X,United Parcel Service
UTQ,Universal Airlines Inc.
UAI,Universal Airways Inc.
US,US Airways Inc.
UH,US Helicopter Corporation
U5,USA 3000 Airlines
U7,USA Jet Airlines Inc.
E8,USAfrica Airways Inc.
TB (1),USAir Shuttle
HY,Uzbekistan Airways
VAQ,Vacationair
VAG,Vagabond Aviation Inc.
VEZ,Valdez Airlines
VIN,Vale International Airlines
2U,Valley Air Express Inc.
VAS,Valley Air Services
VLY,Valley Airlines
J7,Valujet Airlines Inc.
NJ,Vanguard Airlines Inc.
LC,Varig Logistica S/A
RG,Varig S. A.
TDQ,Venexcargo
VA (1),Venezuelan International Airways
V4,Vensecar International
K3,Venture Travel LLC d/b/a Taquan Air Service
1AQ,Via Airlines d/b/a Sterling Airways
VP,Viacao Aerea Sao Paulo
VCQ,Victory Air Transport Inc.
VI,Vieques Air Link Inc.
VNA,Vietnam Airline
VIG,Viking Express
CGL,Viking International Airlines Inc.
VLA,Village Aviation
VQ,Vintage Props & Jets Inc.
VX,Virgin America
VS,Virgin Atlantic Airways
VA,Virgin Blue International Airlines t/a V Australia
VIS,Virgin Islands Seaplane
VIQ (1),Viscount Air Service Inc.
0JQ,Vision Airlines
VJT,VistaJet Limited
VSA,VistaJet Luftfahrtunternehmen GmbH
XF,Vladivostok Air
VIQ,Volga-Dnepr Airlines
WGT,Volkswagen AirSevice GmbH dba Volkswagon
G3,VRG Linhas Aereas S A
Q6,"Vuela Aviacion, S.A."
N3,Vuela EL Salvador S.A. de C.V.
WCA,Walker's International
EB,WAMOS AIR SA
4W,Warbelow
WRD,Ward Air
WDQ,Wardair Canada Inc.
WAR,Waring Air
WLH,Welch Aviation
BAT,West Penn Commuter
OE,Westair Airlines Inc.
WTA,Westates Airlines
3FQ,"Western Air Charter, Inc.  d/b/a  Jet Edge"
WA (1),Western Air Lines Inc.
WU,Western Air Ltd
WET,Western Charter Inc.
KD,Western Global
W7,Western Pacific Airlines
WES,Western Star Airlines Inc.
WFT,Westflight Aviation
WS,Westjet
WR,WestJet Encore Ltd.
WAW,Westward Airways Inc.
WFS,Wheeler Airlines
WC,Wien Air Alaska Inc.
8F,Wilburs Inc.
WIR,Williams Air Inc.
WIL,Will's Air
WNQ,Winair Inc.
WM,Windward Islands Airways
WNG,Wings Airways
WWI,Wings West Airlines
ZMZ,Winnipesaukee Aviation Inc.
WIA,Wisc Air
WAI,Wise Airlines Inc.
WL (1),World Air Network
WO (1),World Airways Inc.
WPT,World2Fly Portugal SA
WFL,World2Fly SLU
WWQ,Worldways Canada Ltd.
WLQ,Worldwide Airlines Inc.
WA,Worldwide Airlines Services
WW,WOW Air ehf
WRA,Wra Inc.
WGL,Wrangell Air Service
BUQ,Wrangler Aviation Inc.
8V,Wright Air Service
WRT,Wright Airlines Inc.
XBF,WTC Airlines
MF,"Xiamen Airlines Co., Ltd."
SE,XL Airways France
Y8,Yangtze River Express Airlines Company
YBQ,Yellow Bird Air
TAS,Yosemite Airlines Inc.
FBI,Young Flying Service
JU (1),Yugoslav Airlines
4Y (1),Yute Air Aka Flight Alaska
Q2,Zambia Airways Corp.
ZKQ,Zantop International
ZAQ,Zas Airline Of Egypt
37,Zeal 320
ZG,ZIPAIR Tokyo Inc.
ZUQ,Zuliana De Aviacion
